{
  "users": [
    {
      "id": "jankowalski@dontemail.com",
      "name": "Jan Kowalski",
      "password": "JanKowalski123",
      "currentDay": 18
    },
    {
      "id": "annanowak@dontemail.com",
      "name": "Anna Nowak",
      "password": "AnnaNowak123",
      "currentDay": 26
    },
    {
      "id": "katarzynagos@dontemail.com",
      "name": "Katarzyna Gos",
      "password": "KatarzynaGos123",
      "currentDay": 44
    },
    {
      "id": "piotrnowak@dontemail.com",
      "name": "Piotr Nowak",
      "password": "PiotrNowaki123",
      "currentDay": 67
    }
  ],
  "dietPlan": [
    {
      "id": "day1",
      "day": 1,
      "week": 1,
      "workout": true,
      "workoutDone": true, "carb": "low-carb",
      "diet": [
        {
          "id": "day1_6AM",
          "time": "6:00 AM",
          "text": "Bode Shakeee",
          "done": false
        },
        {
          "id": "day1_9AM",
          "time": "9:00 AM",
          "text": "Ham and Swiss Roll ups",
          "done": false
        },
        {
          "id": "day1_12PM",
          "time": "12:00 PM",
          "text": "Turkey Melt",
          "done": false
        },
        {
          "id": "day1_3PM",
          "time": "3:00 PM",
          "text": "Bode Burn with Mozzarella",
          "done": true
        },
        {
          "id": "day1_6PM",
          "time": "6:00 PM",
          "text": "Turkey Melt",
          "done": true
        }
      ],
      "done": false
    },
    {
      "id": "day2",
      "day": 2,
      "week": 1,
      "workout": true,
      "workoutDone": true,"carb": "low-carb",
      "diet": [
        {
          "id": "day2_6AM",
          "time": "6:00 AM",
          "text": "Bode Shake",
          "done": false
        },
        {
          "id": "day2_9AM",
          "time": "9:00 AM",
          "text": "Ham and Swiss Roll ups",
          "done": false
        },
        {
          "id": "day2_12PM",
          "time": "12:00 PM",
          "text": "Turkey Melt",
          "done": false
        },
        {
          "id": "day2_3PM",
          "time": "3:00 PM",
          "text": "Bode Burn with Mozzarella",
          "done": false
        },
        {
          "id": "day2_6PM",
          "time": "6:00 PM",
          "text": "Turkey Melt",
          "done": false
        }
      ]
    },
    {
      "id": "day3",
      "day": 3,
      "week": 1,
      "workout": true,
      "workoutDone": true,"carb": "high-carb",
      "diet": [
        {
          "id": "day3_6AM",
          "time": "6:00 AM",
          "text": "Bode Shake",
          "done": false
        },
        {
          "id": "day3_9AM",
          "time": "9:00 AM",
          "text": "Ham and Swiss Roll ups",
          "done": false
        },
        {
          "id": "day3_12PM",
          "time": "12:00 PM",
          "text": "Turkey Melt",
          "done": false
        },
        {
          "id": "day3_3PM",
          "time": "3:00 PM",
          "text": "Bode Burn with Mozzarella",
          "done": false
        },
        {
          "id": "day3_6PM",
          "time": "6:00 PM",
          "text": "Turkey Melt",
          "done": false
        }
      ]
    },
    {
      "id": "day4",
      "day": 4,
      "week": 1,
      "workout": true,
      "workoutDone": true,"carb": "high-carb",
      "diet": [
        {
          "id": "day4_6AM",
          "time": "6:00 AM",
          "text": "Bode Shake",
          "done": false
        },
        {
          "id": "day4_9AM",
          "time": "9:00 AM",
          "text": "Ham and Swiss Roll ups",
          "done": false
        },
        {
          "id": "day4_12PM",
          "time": "12:00 PM",
          "text": "Turkey Melt",
          "done": false
        },
        {
          "id": "day4_3PM",
          "time": "3:00 PM",
          "text": "Bode Burn with Mozzarella",
          "done": false
        },
        {
          "id": "day4_6PM",
          "time": "6:00 PM",
          "text": "Turkey Melt",
          "done": false
        }
      ]
    },
    {
      "id": "day5",
      "day": 5,
      "week": 1,
      "workout": true,
      "workoutDone": false,"carb": "high-carb",
      "diet": [
        {
          "id": "day5_6AM",
          "time": "6:00 AM",
          "text": "Bode Shake",
          "done": false
        },
        {
          "id": "day5_9AM",
          "time": "9:00 AM",
          "text": "Ham and Swiss Roll ups",
          "done": false
        },
        {
          "id": "day5_12PM",
          "time": "12:00 PM",
          "text": "Turkey Melt",
          "done": false
        },
        {
          "id": "day5_3PM",
          "time": "3:00 PM",
          "text": "Bode Burn with Mozzarella",
          "done": false
        },
        {
          "id": "day5_6PM",
          "time": "6:00 PM",
          "text": "Turkey Melt",
          "done": false
        }
      ]
    },
    {
      "id": "day6",
      "day": 6,
      "week": 1,
      "workout": true,
      "workoutDone": false,"carb": "low-carb",
      "diet": [
        {
          "id": "day6_6AM",
          "time": "6:00 AM",
          "text": "Bode Shake",
          "done": false
        },
        {
          "id": "day6_9AM",
          "time": "9:00 AM",
          "text": "Ham and Swiss Roll ups",
          "done": false
        },
        {
          "id": "day6_12PM",
          "time": "12:00 PM",
          "text": "Turkey Melt",
          "done": false
        },
        {
          "id": "day6_3PM",
          "time": "3:00 PM",
          "text": "Bode Burn with Mozzarella",
          "done": false
        },
        {
          "id": "day6_6PM",
          "time": "6:00 PM",
          "text": "Turkey Melt",
          "done": false
        }
      ]
    },
    {
      "id": "day7",
      "day": 7,
      "week": 1,
      "workout": true,
      "workoutDone": false,"carb": "low-carb",
      "diet": [
        {
          "id": "day7_6AM",
          "time": "6:00 AM",
          "text": "Bode Shake",
          "done": false
        },
        {
          "id": "day7_9AM",
          "time": "9:00 AM",
          "text": "Ham and Swiss Roll ups",
          "done": false
        },
        {
          "id": "day7_12PM",
          "time": "12:00 PM",
          "text": "Turkey Melt",
          "done": false
        },
        {
          "id": "day7_3PM",
          "time": "3:00 PM",
          "text": "Bode Burn with Mozzarella",
          "done": false
        },
        {
          "id": "day7_6PM",
          "time": "6:00 PM",
          "text": "Turkey Melt",
          "done": false
        }
      ]
    },
    {
      "id": "day8",
      "day": 8,
      "week": 2,
      "workout": true,
      "workoutDone": false,"carb": "low-carb",
      "diet": [
        {
          "id": "day8_6AM",
          "time": "6:00 AM",
          "text": "Bode Shake",
          "done": false
        },
        {
          "id": "day8_9AM",
          "time": "9:00 AM",
          "text": "Ham and Swiss Roll ups",
          "done": false
        },
        {
          "id": "day8_12PM",
          "time": "12:00 PM",
          "text": "Turkey Melt",
          "done": false
        },
        {
          "id": "day8_3PM",
          "time": "3:00 PM",
          "text": "Bode Burn with Mozzarella",
          "done": false
        },
        {
          "id": "day8_6PM",
          "time": "6:00 PM",
          "text": "Turkey Melt",
          "done": false
        }
      ]
    },
    {
      "id": "day9",
      "day": 9,
      "week": 2,
      "workout": true,
      "workoutDone": false,"carb": "low-carb",
      "diet": [
        {
          "id": "day9_6AM",
          "time": "6:00 AM",
          "text": "Bode Shake",
          "done": false
        },
        {
          "id": "day9_9AM",
          "time": "9:00 AM",
          "text": "Ham and Swiss Roll ups",
          "done": false
        },
        {
          "id": "day9_12PM",
          "time": "12:00 PM",
          "text": "Turkey Melt",
          "done": false
        },
        {
          "id": "day9_3PM",
          "time": "3:00 PM",
          "text": "Bode Burn with Mozzarella",
          "done": false
        },
        {
          "id": "day9_6PM",
          "time": "6:00 PM",
          "text": "Turkey Melt",
          "done": false
        }
      ]
    },
    {
      "id": "day10",
      "day": 10,
      "week": 2,
      "workout": true,
      "workoutDone": false,"carb": "high-carb",
      "diet": [
        {
          "id": "day10_6AM",
          "time": "6:00 AM",
          "text": "Bode Shake",
          "done": false
        },
        {
          "id": "day10_9AM",
          "time": "9:00 AM",
          "text": "Ham and Swiss Rol fdsfsdl ups",
          "done": false
        },
        {
          "id": "day10_12PM",
          "time": "12:00 PM",
          "text": "Turkey das Melt",
          "done": false
        },
        {
          "id": "day10_3PM",
          "time": "3:00 PM",
          "text": "Bode dasd Burn with Mozzarella",
          "done": false
        },
        {
          "id": "day10_6PM",
          "time": "6:00 PM",
          "text": "Turkey Melt",
          "done": false
        }
      ]
    },
    {
      "id": "day11",
      "day": 11,
      "week": 2,
      "workout": true,
      "workoutDone": false,"carb": "high-carb",
      "diet": [
        {
          "id": "day11_6AM",
          "time": "6:00 AM",
          "text": "Bode Shake",
          "done": false
        },
        {
          "id": "day11_9AM",
          "time": "9:00 AM",
          "text": "Ham and Swiss Roll ups",
          "done": false
        },
        {
          "id": "day11_12PM",
          "time": "12:00 PM",
          "text": "Turkey Melt",
          "done": false
        },
        {
          "id": "day11_3PM",
          "time": "3:00 PM",
          "text": "Bode Burn with Mozzarella",
          "done": false
        },
        {
          "id": "day11_6PM",
          "time": "6:00 PM",
          "text": "Turkey Melt",
          "done": false
        }
      ]
    },
    {
      "id": "day12",
      "day": 12,
      "week": 2,
      "workout": true,
      "workoutDone": false,"carb": "high-carb",
      "diet": [
        {
          "id": "day12_6AM",
          "time": "6:00 AM",
          "text": "Bode Shake",
          "done": false
        },
        {
          "id": "day12_9AM",
          "time": "9:00 AM",
          "text": "Ham and Swiss Roll ups",
          "done": false
        },
        {
          "id": "day12_12PM",
          "time": "12:00 PM",
          "text": "Turkey Melt",
          "done": false
        },
        {
          "id": "day12_3PM",
          "time": "3:00 PM",
          "text": "Bode Burn with Mozzarella",
          "done": false
        },
        {
          "id": "day12_6PM",
          "time": "6:00 PM",
          "text": "Turkey Melt",
          "done": false
        }
      ]
    },
    {
      "id": "day13",
      "day": 13,
      "week": 2,
      "workout": true,
      "workoutDone": true,"carb": "high-carb",
      "diet": [
        {
          "id": "day13_6AM",
          "time": "6:00 AM",
          "text": "Bode Shake",
          "done": false
        },
        {
          "id": "day13_9AM",
          "time": "9:00 AM",
          "text": "Ham and Swiss Roll ups",
          "done": false
        },
        {
          "id": "day13_12PM",
          "time": "12:00 PM",
          "text": "Turkey Melt",
          "done": false
        },
        {
          "id": "day13_3PM",
          "time": "3:00 PM",
          "text": "Bode Burn with Mozzarella",
          "done": false
        },
        {
          "id": "day13_6PM",
          "time": "6:00 PM",
          "text": "Turkey Melt",
          "done": false
        }
      ]
    },
    {
      "id": "day14",
      "day": 14,
      "week": 2,
      "workout": true,
      "workoutDone": false,"carb": "low-carb",
      "diet": [
        {
          "id": "day14_6AM",
          "time": "6:00 AM",
          "text": "Bode Shake",
          "done": false
        },
        {
          "id": "day14_9AM",
          "time": "9:00 AM",
          "text": "Ham and Swiss Roll ups",
          "done": false
        },
        {
          "id": "day14_12PM",
          "time": "12:00 PM",
          "text": "Turkey Melt",
          "done": false
        },
        {
          "id": "day14_3PM",
          "time": "3:00 PM",
          "text": "Bode Burn with Mozzarella",
          "done": false
        },
        {
          "id": "day14_6PM",
          "time": "6:00 PM",
          "text": "Turkey Melt",
          "done": false
        }
      ]
    },
    {
      "id": "day15",
      "day": 15,
      "week": 3,
      "workout": true,
      "workoutDone": true,"carb": "low-carb",
      "diet": [
        {
          "id": "day15_6AM",
          "time": "6:00 AM",
          "text": "Bode Shake",
          "done": false
        },
        {
          "id": "day15_9AM",
          "time": "9:00 AM",
          "text": "Ham and Swiss Roll ups",
          "done": false
        },
        {
          "id": "day15_12PM",
          "time": "12:00 PM",
          "text": "Turkey Melt",
          "done": false
        },
        {
          "id": "day15_3PM",
          "time": "3:00 PM",
          "text": "Bode Burn with Mozzarella",
          "done": false
        },
        {
          "id": "day15_6PM",
          "time": "6:00 PM",
          "text": "Turkey Melt",
          "done": false
        }
      ]
    },
    {
      "id": "day16",
      "day": 16,
      "week": 3,
      "workout": true,
      "workoutDone": false,"carb": "low-carb",
      "diet": [
        {
          "id": "day16_6AM",
          "time": "6:00 AM",
          "text": "Bode Shake",
          "done": false
        },
        {
          "id": "day16_9AM",
          "time": "9:00 AM",
          "text": "Ham and Swiss Roll ups",
          "done": false
        },
        {
          "id": "day16_12PM",
          "time": "12:00 PM",
          "text": "Turkey Melt",
          "done": false
        },
        {
          "id": "day16_3PM",
          "time": "3:00 PM",
          "text": "Bode Burn with Mozzarella",
          "done": false
        },
        {
          "id": "day16_6PM",
          "time": "6:00 PM",
          "text": "Turkey Melt",
          "done": false
        }
      ]
    },
    {
      "id": "day17",
      "day": 17,
      "week": 3,
      "workout": true,
      "workoutDone": true,"carb": "high-carb",
      "diet": [
        {
          "id": "day17_6AM",
          "time": "6:00 AM",
          "text": "Bode Shake",
          "done": false
        },
        {
          "id": "day17_9AM",
          "time": "9:00 AM",
          "text": "Ham and Swiss Roll ups",
          "done": false
        },
        {
          "id": "day17_12PM",
          "time": "12:00 PM",
          "text": "Turkey Melt",
          "done": false
        },
        {
          "id": "day17_3PM",
          "time": "3:00 PM",
          "text": "Bode Burn with Mozzarella",
          "done": false
        },
        {
          "id": "day17_6PM",
          "time": "6:00 PM",
          "text": "Turkey Melt",
          "done": false
        }
      ]
    },
    {
      "id": "day18",
      "day": 18,
      "week": 3,
      "workout": true,
      "workoutDone": true,"carb": "high-carb",
      "diet": [
        {
          "id": "day18_6AM",
          "time": "6:00 AM",
          "text": "Bode Shake",
          "done": false
        },
        {
          "id": "day18_9AM",
          "time": "9:00 AM",
          "text": "Ham and Swiss Roll ups",
          "done": false
        },
        {
          "id": "day18_12PM",
          "time": "12:00 PM",
          "text": "Turkey Melt",
          "done": false
        },
        {
          "id": "day18_3PM",
          "time": "3:00 PM",
          "text": "Bode Burn with Mozzarella",
          "done": false
        },
        {
          "id": "day18_6PM",
          "time": "6:00 PM",
          "text": "Turkey Melt",
          "done": false
        }
      ]
    },
    {
      "id": "day19",
      "day": 19,
      "week": 3,
      "workout": true,
      "workoutDone": true,"carb": "high-carb",
      "diet": [
        {
          "id": "day19_6AM",
          "time": "6:00 AM",
          "text": "Bode Shake",
          "done": false
        },
        {
          "id": "day19_9AM",
          "time": "9:00 AM",
          "text": "Ham and Swiss Roll ups",
          "done": false
        },
        {
          "id": "day19_12PM",
          "time": "12:00 PM",
          "text": "Turkey Melt",
          "done": false
        },
        {
          "id": "day19_3PM",
          "time": "3:00 PM",
          "text": "Bode Burn with Mozzarella",
          "done": false
        },
        {
          "id": "day19_6PM",
          "time": "6:00 PM",
          "text": "Turkey Melt",
          "done": false
        }
      ]
    },
    {
      "id": "day20",
      "day": 20,
      "week": 3,
      "workout": true,
      "workoutDone": false,"carb": "high-carb",
      "diet": [
        {
          "id": "day20_6AM",
          "time": "6:00 AM",
          "text": "Bode Shake",
          "done": false
        },
        {
          "id": "day20_9AM",
          "time": "9:00 AM",
          "text": "Ham and Swiss Roll ups",
          "done": false
        },
        {
          "id": "day20_12PM",
          "time": "12:00 PM",
          "text": "Turkey Melt",
          "done": false
        },
        {
          "id": "day20_3PM",
          "time": "3:00 PM",
          "text": "Bode Burn with Mozzarella",
          "done": false
        },
        {
          "id": "day20_6PM",
          "time": "6:00 PM",
          "text": "Turkey Melt",
          "done": false
        }
      ]
    },
    {
      "id": "day21",
      "day": 21,
      "week": 3,
      "workout": true,
      "workoutDone": false,"carb": "high-carb",
      "diet": [
        {
          "id": "day21_6AM",
          "time": "6:00 AM",
          "text": "Bode Shake",
          "done": false
        },
        {
          "id": "day21_9AM",
          "time": "9:00 AM",
          "text": "Ham and Swiss Roll ups",
          "done": false
        },
        {
          "id": "day21_12PM",
          "time": "12:00 PM",
          "text": "Turkey Melt",
          "done": false
        },
        {
          "id": "day21_3PM",
          "time": "3:00 PM",
          "text": "Bode Burn with Mozzarella",
          "done": false
        },
        {
          "id": "day21_6PM",
          "time": "6:00 PM",
          "text": "Turkey Melt",
          "done": false
        }
      ]
    },
    {
      "id": "day22",
      "day": 22,
      "week": 4,
      "workout": true,
      "workoutDone": false,"carb": "low-carb",
      "diet": [
        {
          "id": "day22_6AM",
          "time": "6:00 AM",
          "text": "Bode Shake",
          "done": false
        },
        {
          "id": "day22_9AM",
          "time": "9:00 AM",
          "text": "Ham and Swiss Roll ups",
          "done": false
        },
        {
          "id": "day22_12PM",
          "time": "12:00 PM",
          "text": "Turkey Melt",
          "done": false
        },
        {
          "id": "day22_3PM",
          "time": "3:00 PM",
          "text": "Bode Burn with Mozzarella",
          "done": false
        },
        {
          "id": "day22_6PM",
          "time": "6:00 PM",
          "text": "Turkey Melt",
          "done": false
        }
      ]
    },
    {
      "id": "day23",
      "day": 23,
      "week": 4,
      "workout": true,
      "workoutDone": false,"carb": "low-carb",
      "diet": [
        {
          "id": "day23_6AM",
          "time": "6:00 AM",
          "text": "Bode Shake",
          "done": false
        },
        {
          "id": "day23_9AM",
          "time": "9:00 AM",
          "text": "Ham and Swiss Roll ups",
          "done": false
        },
        {
          "id": "day23_12PM",
          "time": "12:00 PM",
          "text": "Turkey Melt",
          "done": false
        },
        {
          "id": "day23_3PM",
          "time": "3:00 PM",
          "text": "Bode Burn with Mozzarella",
          "done": false
        },
        {
          "id": "day23_6PM",
          "time": "6:00 PM",
          "text": "Turkey Melt",
          "done": false
        }
      ]
    },
    {
      "id": "day24",
      "day": 24,
      "week": 4,
      "workout": true,
      "workoutDone": false,"carb": "low-carb",
      "diet": [
        {
          "id": "day24_6AM",
          "time": "6:00 AM",
          "text": "Bode Shake",
          "done": false
        },
        {
          "id": "day24_9AM",
          "time": "9:00 AM",
          "text": "Ham and Swiss Roll ups",
          "done": false
        },
        {
          "id": "day24_12PM",
          "time": "12:00 PM",
          "text": "Turkey Melt",
          "done": false
        },
        {
          "id": "day24_3PM",
          "time": "3:00 PM",
          "text": "Bode Burn with Mozzarella",
          "done": false
        },
        {
          "id": "day24_6PM",
          "time": "6:00 PM",
          "text": "Turkey Melt",
          "done": false
        }
      ]
    },
    {
      "id": "day25",
      "day": 25,
      "week": 4,
      "workout": true,
      "workoutDone": false,"carb": "low-carb","carb": "low-carb",
      "diet": [
        {
          "id": "day25_6AM",
          "time": "6:00 AM",
          "text": "Bode Shake",
          "done": false
        },
        {
          "id": "day25_9AM",
          "time": "9:00 AM",
          "text": "Ham and Swiss Roll ups",
          "done": false
        },
        {
          "id": "day25_12PM",
          "time": "12:00 PM",
          "text": "Turkey Melt",
          "done": false
        },
        {
          "id": "day25_3PM",
          "time": "3:00 PM",
          "text": "Bode Burn with Mozzarella",
          "done": false
        },
        {
          "id": "day25_6PM",
          "time": "6:00 PM",
          "text": "Turkey Melt",
          "done": false
        }
      ]
    },
    {
      "id": "day26",
      "day": 26,
      "week": 4,
      "workout": true,
      "workoutDone": false,"carb": "low-carb",
      "diet": [
        {
          "id": "day26_6AM",
          "time": "6:00 AM",
          "text": "Bode Shake",
          "done": false
        },
        {
          "id": "day26_9AM",
          "time": "9:00 AM",
          "text": "Ham and Swiss Roll ups",
          "done": false
        },
        {
          "id": "day26_12PM",
          "time": "12:00 PM",
          "text": "Turkey Melt",
          "done": false
        },
        {
          "id": "day26_3PM",
          "time": "3:00 PM",
          "text": "Bode Burn with Mozzarella",
          "done": false
        },
        {
          "id": "day26_6PM",
          "time": "6:00 PM",
          "text": "Turkey Melt",
          "done": false
        }
      ]
    },
    {
      "id": "day27",
      "day": 27,
      "week": 4,
      "workout": true,
      "workoutDone": false,"carb": "low-carb",
      "diet": [
        {
          "id": "day27_6AM",
          "time": "6:00 AM",
          "text": "Bode Shake",
          "done": false
        },
        {
          "id": "day27_9AM",
          "time": "9:00 AM",
          "text": "Ham and Swiss Roll ups",
          "done": false
        },
        {
          "id": "day27_12PM",
          "time": "12:00 PM",
          "text": "Turkey Melt",
          "done": false
        },
        {
          "id": "day27_3PM",
          "time": "3:00 PM",
          "text": "Bode Burn with Mozzarella",
          "done": false
        },
        {
          "id": "day27_6PM",
          "time": "6:00 PM",
          "text": "Turkey Melt",
          "done": false
        }
      ]
    },
    {
      "id": "day28",
      "day": 28,
      "week": 4,
      "workout": true,
      "workoutDone": false,"carb": "low-carb",
      "diet": [
        {
          "id": "day28_6AM",
          "time": "6:00 AM",
          "text": "Bode Shake",
          "done": false
        },
        {
          "id": "day28_9AM",
          "time": "9:00 AM",
          "text": "Ham and Swiss Roll ups",
          "done": false
        },
        {
          "id": "day28_12PM",
          "time": "12:00 PM",
          "text": "Turkey Melt",
          "done": false
        },
        {
          "id": "day28_3PM",
          "time": "3:00 PM",
          "text": "Bode Burn with Mozzarella",
          "done": false
        },
        {
          "id": "day28_6PM",
          "time": "6:00 PM",
          "text": "Turkey Melt",
          "done": false
        }
      ]
    },
    {
      "id": "day29",
      "day": 29,
      "week": 5,
      "workout": true,
      "workoutDone": false,"carb": "high-carb",
      "diet": [
        {
          "id": "day29_6AM",
          "time": "6:00 AM",
          "text": "Bode Shake",
          "done": false
        },
        {
          "id": "day29_9AM",
          "time": "9:00 AM",
          "text": "Ham and Swiss Roll ups",
          "done": false
        },
        {
          "id": "day29_12PM",
          "time": "12:00 PM",
          "text": "Turkey Melt",
          "done": false
        },
        {
          "id": "day29_3PM",
          "time": "3:00 PM",
          "text": "Bode Burn with Mozzarella",
          "done": false
        },
        {
          "id": "day29_6PM",
          "time": "6:00 PM",
          "text": "Turkey Melt",
          "done": false
        }
      ]
    },
    {
      "id": "day30",
      "day": 30,
      "week": 5,
      "workout": true,
      "workoutDone": false,"carb": "high-carb",
      "diet": [
        {
          "id": "day30_6AM",
          "time": "6:00 AM",
          "text": "Bode Shake",
          "done": false
        },
        {
          "id": "day30_9AM",
          "time": "9:00 AM",
          "text": "Ham and Swiss Roll ups",
          "done": false
        },
        {
          "id": "day30_12PM",
          "time": "12:00 PM",
          "text": "Turkey Melt",
          "done": false
        },
        {
          "id": "day30_3PM",
          "time": "3:00 PM",
          "text": "Bode Burn with Mozzarella",
          "done": false
        },
        {
          "id": "day30_6PM",
          "time": "6:00 PM",
          "text": "Turkey Melt",
          "done": false
        }
      ]
    },
    {
      "id": "day31",
      "day": 31,
      "week": 5,
      "workout": true,
      "workoutDone": false,"carb": "high-carb",
      "diet": [
        {
          "id": "day31_6AM",
          "time": "6:00 AM",
          "text": "Bode Shake",
          "done": false
        },
        {
          "id": "day31_9AM",
          "time": "9:00 AM",
          "text": "Ham and Swiss Roll ups",
          "done": false
        },
        {
          "id": "day31_12PM",
          "time": "12:00 PM",
          "text": "Turkey Melt",
          "done": false
        },
        {
          "id": "day31_3PM",
          "time": "3:00 PM",
          "text": "Bode Burn with Mozzarella",
          "done": false
        },
        {
          "id": "day31_6PM",
          "time": "6:00 PM",
          "text": "Turkey Melt",
          "done": false
        }
      ]
    },
    {
      "id": "day32",
      "day": 32,
      "week": 5,
      "workout": true,
      "workoutDone": false,"carb": "high-carb",
      "diet": [
        {
          "id": "day32_6AM",
          "time": "6:00 AM",
          "text": "Bode Shake",
          "done": false
        },
        {
          "id": "day32_9AM",
          "time": "9:00 AM",
          "text": "Ham and Swiss Roll ups",
          "done": false
        },
        {
          "id": "day32_12PM",
          "time": "12:00 PM",
          "text": "Turkey Melt",
          "done": false
        },
        {
          "id": "day32_3PM",
          "time": "3:00 PM",
          "text": "Bode Burn with Mozzarella",
          "done": false
        },
        {
          "id": "day32_6PM",
          "time": "6:00 PM",
          "text": "Turkey Melt",
          "done": false
        }
      ]
    },
    {
      "id": "day33",
      "day": 33,
      "week": 5,
      "workout": true,
      "workoutDone": false,"carb": "low-carb",
      "diet": [
        {
          "id": "day33_6AM",
          "time": "6:00 AM",
          "text": "Bode Shake",
          "done": false
        },
        {
          "id": "day33_9AM",
          "time": "9:00 AM",
          "text": "Ham and Swiss Roll ups",
          "done": false
        },
        {
          "id": "day33_12PM",
          "time": "12:00 PM",
          "text": "Turkey Melt",
          "done": false
        },
        {
          "id": "day33_3PM",
          "time": "3:00 PM",
          "text": "Bode Burn with Mozzarella",
          "done": false
        },
        {
          "id": "day33_6PM",
          "time": "6:00 PM",
          "text": "Turkey Melt",
          "done": false
        }
      ]
    },
    {
      "id": "day34",
      "day": 34,
      "week": 5,
      "workout": true,
      "workoutDone": false,"carb": "low-carb",
      "diet": [
        {
          "id": "day34_6AM",
          "time": "6:00 AM",
          "text": "Bode Shake",
          "done": false
        },
        {
          "id": "day34_9AM",
          "time": "9:00 AM",
          "text": "Ham and Swiss Roll ups",
          "done": false
        },
        {
          "id": "day34_12PM",
          "time": "12:00 PM",
          "text": "Turkey Melt",
          "done": false
        },
        {
          "id": "day34_3PM",
          "time": "3:00 PM",
          "text": "Bode Burn with Mozzarella",
          "done": false
        },
        {
          "id": "day34_6PM",
          "time": "6:00 PM",
          "text": "Turkey Melt",
          "done": false
        }
      ]
    },
    {
      "id": "day35",
      "day": 35,
      "week": 5,
      "workout": true,
      "workoutDone": false,"carb": "low-carb",
      "diet": [
        {
          "id": "day35_6AM",
          "time": "6:00 AM",
          "text": "Bode Shake",
          "done": false
        },
        {
          "id": "day35_9AM",
          "time": "9:00 AM",
          "text": "Ham and Swiss Roll ups",
          "done": false
        },
        {
          "id": "day35_12PM",
          "time": "12:00 PM",
          "text": "Turkey Melt",
          "done": false
        },
        {
          "id": "day35_3PM",
          "time": "3:00 PM",
          "text": "Bode Burn with Mozzarella",
          "done": false
        },
        {
          "id": "day35_6PM",
          "time": "6:00 PM",
          "text": "Turkey Melt",
          "done": false
        }
      ]
    },
    {
      "id": "day36",
      "day": 36,
      "week": 6,
      "workout": true,
      "workoutDone": false,"carb": "low-carb",
      "diet": [
        {
          "id": "day36_6AM",
          "time": "6:00 AM",
          "text": "Bode Shake",
          "done": false
        },
        {
          "id": "day36_9AM",
          "time": "9:00 AM",
          "text": "Ham and Swiss Roll ups",
          "done": false
        },
        {
          "id": "day36_12PM",
          "time": "12:00 PM",
          "text": "Turkey Melt",
          "done": false
        },
        {
          "id": "day36_3PM",
          "time": "3:00 PM",
          "text": "Bode Burn with Mozzarella",
          "done": false
        },
        {
          "id": "day36_6PM",
          "time": "6:00 PM",
          "text": "Turkey Melt",
          "done": false
        }
      ]
    },
    {
      "id": "day37",
      "day": 37,
      "week": 6,
      "workout": true,
      "workoutDone": false,"carb": "high-carb",
      "diet": [
        {
          "id": "day37_6AM",
          "time": "6:00 AM",
          "text": "Bode Shake",
          "done": false
        },
        {
          "id": "day37_9AM",
          "time": "9:00 AM",
          "text": "Ham and Swiss Roll ups",
          "done": false
        },
        {
          "id": "day37_12PM",
          "time": "12:00 PM",
          "text": "Turkey Melt",
          "done": false
        },
        {
          "id": "day37_3PM",
          "time": "3:00 PM",
          "text": "Bode Burn with Mozzarella",
          "done": false
        },
        {
          "id": "day37_6PM",
          "time": "6:00 PM",
          "text": "Turkey Melt",
          "done": false
        }
      ]
    },
    {
      "id": "day38",
      "day": 38,
      "week": 6,
      "workout": true,
      "workoutDone": false,"carb": "high-carb",
      "diet": [
        {
          "id": "day38_6AM",
          "time": "6:00 AM",
          "text": "Bode Shake",
          "done": false
        },
        {
          "id": "day38_9AM",
          "time": "9:00 AM",
          "text": "Ham and Swiss Roll ups",
          "done": false
        },
        {
          "id": "day38_12PM",
          "time": "12:00 PM",
          "text": "Turkey Melt",
          "done": false
        },
        {
          "id": "day38_3PM",
          "time": "3:00 PM",
          "text": "Bode Burn with Mozzarella",
          "done": false
        },
        {
          "id": "day38_6PM",
          "time": "6:00 PM",
          "text": "Turkey Melt",
          "done": false
        }
      ]
    },
    {
      "id": "day39",
      "day": 39,
      "week": 6,
      "workout": true,
      "workoutDone": false,"carb": "high-carb",
      "diet": [
        {
          "id": "day39_6AM",
          "time": "6:00 AM",
          "text": "Bode Shake",
          "done": false
        },
        {
          "id": "day39_9AM",
          "time": "9:00 AM",
          "text": "Ham and Swiss Roll ups",
          "done": false
        },
        {
          "id": "day39_12PM",
          "time": "12:00 PM",
          "text": "Turkey Melt",
          "done": false
        },
        {
          "id": "day39_3PM",
          "time": "3:00 PM",
          "text": "Bode Burn with Mozzarella",
          "done": false
        },
        {
          "id": "day39_6PM",
          "time": "6:00 PM",
          "text": "Turkey Melt",
          "done": false
        }
      ]
    },
    {
      "id": "day40",
      "day": 40,
      "week": 6,
      "workout": true,
      "workoutDone": false,"carb": "high-carb",
      "diet": [
        {
          "id": "day40_6AM",
          "time": "6:00 AM",
          "text": "Bode Shake",
          "done": false
        },
        {
          "id": "day40_9AM",
          "time": "9:00 AM",
          "text": "Ham and Swiss Roll ups",
          "done": false
        },
        {
          "id": "day40_12PM",
          "time": "12:00 PM",
          "text": "Turkey Melt",
          "done": false
        },
        {
          "id": "day40_3PM",
          "time": "3:00 PM",
          "text": "Bode Burn with Mozzarella",
          "done": false
        },
        {
          "id": "day40_6PM",
          "time": "6:00 PM",
          "text": "Turkey Melt",
          "done": false
        }
      ]
    },
    {
      "id": "day41",
      "day": 41,
      "week": 6,
      "workout": true,
      "workoutDone": false,"carb": "low-carb",
      "diet": [
        {
          "id": "day41_6AM",
          "time": "6:00 AM",
          "text": "Bode Shake",
          "done": false
        },
        {
          "id": "day41_9AM",
          "time": "9:00 AM",
          "text": "Ham and Swiss Roll ups",
          "done": false
        },
        {
          "id": "day41_12PM",
          "time": "12:00 PM",
          "text": "Turkey Melt",
          "done": false
        },
        {
          "id": "day41_3PM",
          "time": "3:00 PM",
          "text": "Bode Burn with Mozzarella",
          "done": false
        },
        {
          "id": "day41_6PM",
          "time": "6:00 PM",
          "text": "Turkey Melt",
          "done": false
        }
      ]
    },
    {
      "id": "day42",
      "day": 42,
      "week": 6,
      "workout": true,
      "workoutDone": false,"carb": "low-carb",
      "diet": [
        {
          "id": "day42_6AM",
          "time": "6:00 AM",
          "text": "Bode Shake",
          "done": false
        },
        {
          "id": "day42_9AM",
          "time": "9:00 AM",
          "text": "Ham and Swiss Roll ups",
          "done": false
        },
        {
          "id": "day42_12PM",
          "time": "12:00 PM",
          "text": "Turkey Melt",
          "done": false
        },
        {
          "id": "day42_3PM",
          "time": "3:00 PM",
          "text": "Bode Burn with Mozzarella",
          "done": false
        },
        {
          "id": "day42_6PM",
          "time": "6:00 PM",
          "text": "Turkey Melt",
          "done": false
        }
      ]
    },
    {
      "id": "day43",
      "day": 43,
      "week": 7,
      "workout": true,
      "workoutDone": false,"carb": "low-carb",
      "diet": [
        {
          "id": "day43_6AM",
          "time": "6:00 AM",
          "text": "Bode Shake",
          "done": false
        },
        {
          "id": "day43_9AM",
          "time": "9:00 AM",
          "text": "Ham and Swiss Roll ups",
          "done": false
        },
        {
          "id": "day43_12PM",
          "time": "12:00 PM",
          "text": "Turkey Melt",
          "done": false
        },
        {
          "id": "day43_3PM",
          "time": "3:00 PM",
          "text": "Bode Burn with Mozzarella",
          "done": false
        },
        {
          "id": "day43_6PM",
          "time": "6:00 PM",
          "text": "Turkey Melt",
          "done": false
        }
      ]
    },
    {
      "id": "day44",
      "day": 44,
      "week": 7,
      "workout": true,
      "workoutDone": false,"carb": "low-carb",
      "diet": [
        {
          "id": "day44_6AM",
          "time": "6:00 AM",
          "text": "Bode Shake",
          "done": false
        },
        {
          "id": "day44_9AM",
          "time": "9:00 AM",
          "text": "Ham and Swiss Roll ups",
          "done": false
        },
        {
          "id": "day44_12PM",
          "time": "12:00 PM",
          "text": "Turkey Melt",
          "done": false
        },
        {
          "id": "day44_3PM",
          "time": "3:00 PM",
          "text": "Bode Burn with Mozzarella",
          "done": false
        },
        {
          "id": "day44_6PM",
          "time": "6:00 PM",
          "text": "Turkey Melt",
          "done": false
        }
      ]
    },
    {
      "id": "day45",
      "day": 45,
      "week": 7,
      "workout": true,
      "workoutDone": false,"carb": "high-carb",
      "diet": [
        {
          "id": "day45_6AM",
          "time": "6:00 AM",
          "text": "Bode Shake",
          "done": false
        },
        {
          "id": "day45_9AM",
          "time": "9:00 AM",
          "text": "Ham and Swiss Roll ups",
          "done": false
        },
        {
          "id": "day45_12PM",
          "time": "12:00 PM",
          "text": "Turkey Melt",
          "done": false
        },
        {
          "id": "day45_3PM",
          "time": "3:00 PM",
          "text": "Bode Burn with Mozzarella",
          "done": false
        },
        {
          "id": "day45_6PM",
          "time": "6:00 PM",
          "text": "Turkey Melt",
          "done": false
        }
      ]
    },
    {
      "id": "day46",
      "day": 46,
      "week": 7,
      "workout": true,
      "workoutDone": false,"carb": "high-carb",
      "diet": [
        {
          "id": "day46_6AM",
          "time": "6:00 AM",
          "text": "Bode Shake",
          "done": false
        },
        {
          "id": "day46_9AM",
          "time": "9:00 AM",
          "text": "Ham and Swiss Roll ups",
          "done": false
        },
        {
          "id": "day46_12PM",
          "time": "12:00 PM",
          "text": "Turkey Melt",
          "done": false
        },
        {
          "id": "day46_3PM",
          "time": "3:00 PM",
          "text": "Bode Burn with Mozzarella",
          "done": false
        },
        {
          "id": "day46_6PM",
          "time": "6:00 PM",
          "text": "Turkey Melt",
          "done": false
        }
      ]
    },
    {
      "id": "day47",
      "day": 47,
      "week": 7,
      "workout": true,
      "workoutDone": false,"carb": "high-carb",
      "diet": [
        {
          "id": "day47_6AM",
          "time": "6:00 AM",
          "text": "Bode Shake",
          "done": false
        },
        {
          "id": "day47_9AM",
          "time": "9:00 AM",
          "text": "Ham and Swiss Roll ups",
          "done": false
        },
        {
          "id": "day47_12PM",
          "time": "12:00 PM",
          "text": "Turkey Melt",
          "done": false
        },
        {
          "id": "day47_3PM",
          "time": "3:00 PM",
          "text": "Bode Burn with Mozzarella",
          "done": false
        },
        {
          "id": "day47_6PM",
          "time": "6:00 PM",
          "text": "Turkey Melt",
          "done": false
        }
      ]
    },
    {
      "id": "day48",
      "day": 48,
      "week": 7,
      "workout": true,
      "workoutDone": false,"carb": "high-carb",
      "diet": [
        {
          "id": "day48_6AM",
          "time": "6:00 AM",
          "text": "Bode Shake",
          "done": false
        },
        {
          "id": "day48_9AM",
          "time": "9:00 AM",
          "text": "Ham and Swiss Roll ups",
          "done": false
        },
        {
          "id": "day48_12PM",
          "time": "12:00 PM",
          "text": "Turkey Melt",
          "done": false
        },
        {
          "id": "day48_3PM",
          "time": "3:00 PM",
          "text": "Bode Burn with Mozzarella",
          "done": false
        },
        {
          "id": "day48_6PM",
          "time": "6:00 PM",
          "text": "Turkey Melt",
          "done": false
        }
      ]
    },
    {
      "id": "day49",
      "day": 49,
      "week": 7,
      "workout": true,
      "workoutDone": false,"carb": "low-carb",
      "diet": [
        {
          "id": "day49_6AM",
          "time": "6:00 AM",
          "text": "Bode Shake",
          "done": false
        },
        {
          "id": "day49_9AM",
          "time": "9:00 AM",
          "text": "Ham and Swiss Roll ups",
          "done": false
        },
        {
          "id": "day49_12PM",
          "time": "12:00 PM",
          "text": "Turkey Melt",
          "done": false
        },
        {
          "id": "day49_3PM",
          "time": "3:00 PM",
          "text": "Bode Burn with Mozzarella",
          "done": false
        },
        {
          "id": "day49_6PM",
          "time": "6:00 PM",
          "text": "Turkey Melt",
          "done": false
        }
      ]
    },
    {
      "id": "day50",
      "day": 50,
      "week": 8,
      "workout": true,
      "workoutDone": false,"carb": "low-carb",
      "diet": [
        {
          "id": "day50_6AM",
          "time": "6:00 AM",
          "text": "Bode Shake",
          "done": false
        },
        {
          "id": "day50_9AM",
          "time": "9:00 AM",
          "text": "Ham and Swiss Roll ups",
          "done": false
        },
        {
          "id": "day50_12PM",
          "time": "12:00 PM",
          "text": "Turkey Melt",
          "done": false
        },
        {
          "id": "day50_3PM",
          "time": "3:00 PM",
          "text": "Bode Burn with Mozzarella",
          "done": false
        },
        {
          "id": "day50_6PM",
          "time": "6:00 PM",
          "text": "Turkey Melt",
          "done": false
        }
      ]
    },
    {
      "id": "day51",
      "day": 51,
      "week": 8,
      "workout": true,
      "workoutDone": false,"carb": "low-carb",
      "diet": [
        {
          "id": "day51_6AM",
          "time": "6:00 AM",
          "text": "Bode Shake",
          "done": false
        },
        {
          "id": "day51_9AM",
          "time": "9:00 AM",
          "text": "Ham and Swiss Roll ups",
          "done": false
        },
        {
          "id": "day51_12PM",
          "time": "12:00 PM",
          "text": "Turkey Melt",
          "done": false
        },
        {
          "id": "day51_3PM",
          "time": "3:00 PM",
          "text": "Bode Burn with Mozzarella",
          "done": false
        },
        {
          "id": "day51_6PM",
          "time": "6:00 PM",
          "text": "Turkey Melt",
          "done": false
        }
      ]
    },
    {
      "id": "day52",
      "day": 52,
      "week": 8,
      "workout": true,
      "workoutDone": false,"carb": "low-carb",
      "diet": [
        {
          "id": "day52_6AM",
          "time": "6:00 AM",
          "text": "Bode Shake",
          "done": false
        },
        {
          "id": "day52_9AM",
          "time": "9:00 AM",
          "text": "Ham and Swiss Roll ups",
          "done": false
        },
        {
          "id": "day52_12PM",
          "time": "12:00 PM",
          "text": "Turkey Melt",
          "done": false
        },
        {
          "id": "day52_3PM",
          "time": "3:00 PM",
          "text": "Bode Burn with Mozzarella",
          "done": false
        },
        {
          "id": "day52_6PM",
          "time": "6:00 PM",
          "text": "Turkey Melt",
          "done": false
        }
      ]
    },
    {
      "id": "day53",
      "day": 53,
      "week": 8,
      "workout": true,
      "workoutDone": false,"carb": "high-carb",
      "diet": [
        {
          "id": "day53_6AM",
          "time": "6:00 AM",
          "text": "Bode Shake",
          "done": false
        },
        {
          "id": "day53_9AM",
          "time": "9:00 AM",
          "text": "Ham and Swiss Roll ups",
          "done": false
        },
        {
          "id": "day53_12PM",
          "time": "12:00 PM",
          "text": "Turkey Melt",
          "done": false
        },
        {
          "id": "day53_3PM",
          "time": "3:00 PM",
          "text": "Bode Burn with Mozzarella",
          "done": false
        },
        {
          "id": "day53_6PM",
          "time": "6:00 PM",
          "text": "Turkey Melt",
          "done": false
        }
      ]
    },
    {
      "id": "day54",
      "day": 54,
      "week": 8,
      "workout": true,
      "workoutDone": false,"carb": "high-carb",
      "diet": [
        {
          "id": "day54_6AM",
          "time": "6:00 AM",
          "text": "Bode Shake",
          "done": false
        },
        {
          "id": "day54_9AM",
          "time": "9:00 AM",
          "text": "Ham and Swiss Roll ups",
          "done": false
        },
        {
          "id": "day54_12PM",
          "time": "12:00 PM",
          "text": "Turkey Melt",
          "done": false
        },
        {
          "id": "day54_3PM",
          "time": "3:00 PM",
          "text": "Bode Burn with Mozzarella",
          "done": false
        },
        {
          "id": "day54_6PM",
          "time": "6:00 PM",
          "text": "Turkey Melt",
          "done": false
        }
      ]
    },
    {
      "id": "day55",
      "day": 55,
      "week": 8,
      "workout": true,
      "workoutDone": false,"carb": "high-carb",
      "diet": [
        {
          "id": "day55_6AM",
          "time": "6:00 AM",
          "text": "Bode Shake",
          "done": false
        },
        {
          "id": "day55_9AM",
          "time": "9:00 AM",
          "text": "Ham and Swiss Roll ups",
          "done": false
        },
        {
          "id": "day55_12PM",
          "time": "12:00 PM",
          "text": "Turkey Melt",
          "done": false
        },
        {
          "id": "day55_3PM",
          "time": "3:00 PM",
          "text": "Bode Burn with Mozzarella",
          "done": false
        },
        {
          "id": "day55_6PM",
          "time": "6:00 PM",
          "text": "Turkey Melt",
          "done": false
        }
      ]
    },
    {
      "id": "day56",
      "day": 56,
      "week": 8,
      "workout": true,
      "workoutDone": false,"carb": "high-carb",
      "diet": [
        {
          "id": "day56_6AM",
          "time": "6:00 AM",
          "text": "Bode Shake",
          "done": false
        },
        {
          "id": "day56_9AM",
          "time": "9:00 AM",
          "text": "Ham and Swiss Roll ups",
          "done": false
        },
        {
          "id": "day56_12PM",
          "time": "12:00 PM",
          "text": "Turkey Melt",
          "done": false
        },
        {
          "id": "day56_3PM",
          "time": "3:00 PM",
          "text": "Bode Burn with Mozzarella",
          "done": false
        },
        {
          "id": "day56_6PM",
          "time": "6:00 PM",
          "text": "Turkey Melt",
          "done": false
        }
      ]
    },
    {
      "id": "day57",
      "day": 57,
      "week": 9,
      "workout": true,
      "workoutDone": false,"carb": "low-carb",
      "diet": [
        {
          "id": "day57_6AM",
          "time": "6:00 AM",
          "text": "Bode Shake",
          "done": false
        },
        {
          "id": "day57_9AM",
          "time": "9:00 AM",
          "text": "Ham and Swiss Roll ups",
          "done": false
        },
        {
          "id": "day57_12PM",
          "time": "12:00 PM",
          "text": "Turkey Melt",
          "done": false
        },
        {
          "id": "day57_3PM",
          "time": "3:00 PM",
          "text": "Bode Burn with Mozzarella",
          "done": false
        },
        {
          "id": "day57_6PM",
          "time": "6:00 PM",
          "text": "Turkey Melt",
          "done": false
        }
      ]
    },
    {
      "id": "day58",
      "day": 58,
      "week": 9,
      "workout": true,
      "workoutDone": false,"carb": "low-carb",
      "diet": [
        {
          "id": "day58_6AM",
          "time": "6:00 AM",
          "text": "Bode Shake",
          "done": false
        },
        {
          "id": "day58_9AM",
          "time": "9:00 AM",
          "text": "Ham and Swiss Roll ups",
          "done": false
        },
        {
          "id": "day58_12PM",
          "time": "12:00 PM",
          "text": "Turkey Melt",
          "done": false
        },
        {
          "id": "day58_3PM",
          "time": "3:00 PM",
          "text": "Bode Burn with Mozzarella",
          "done": false
        },
        {
          "id": "day58_6PM",
          "time": "6:00 PM",
          "text": "Turkey Melt",
          "done": false
        }
      ]
    },
    {
      "id": "day59",
      "day": 59,
      "week": 9,
      "workout": true,
      "workoutDone": false,"carb": "low-carb",
      "diet": [
        {
          "id": "day59_6AM",
          "time": "6:00 AM",
          "text": "Bode Shake",
          "done": false
        },
        {
          "id": "day59_9AM",
          "time": "9:00 AM",
          "text": "Ham and Swiss Roll ups",
          "done": false
        },
        {
          "id": "day59_12PM",
          "time": "12:00 PM",
          "text": "Turkey Melt",
          "done": false
        },
        {
          "id": "day59_3PM",
          "time": "3:00 PM",
          "text": "Bode Burn with Mozzarella",
          "done": false
        },
        {
          "id": "day59_6PM",
          "time": "6:00 PM",
          "text": "Turkey Melt",
          "done": false
        }
      ]
    },
    {
      "id": "day60",
      "day": 60,
      "week": 9,
      "workout": true,
      "workoutDone": false,"carb": "low-carb",
      "diet": [
        {
          "id": "day60_6AM",
          "time": "6:00 AM",
          "text": "Bode Shake",
          "done": false
        },
        {
          "id": "day60_9AM",
          "time": "9:00 AM",
          "text": "Ham and Swiss Roll ups",
          "done": false
        },
        {
          "id": "day60_12PM",
          "time": "12:00 PM",
          "text": "Turkey Melt",
          "done": false
        },
        {
          "id": "day60_3PM",
          "time": "3:00 PM",
          "text": "Bode Burn with Mozzarella",
          "done": false
        },
        {
          "id": "day60_6PM",
          "time": "6:00 PM",
          "text": "Turkey Melt",
          "done": false
        }
      ]
    },
    {
      "id": "day61",
      "day": 61,
      "week": 9,
      "workout": true,
      "workoutDone": false,"carb": "high-carb",
      "diet": [
        {
          "id": "day61_6AM",
          "time": "6:00 AM",
          "text": "Bode Shake",
          "done": false
        },
        {
          "id": "day61_9AM",
          "time": "9:00 AM",
          "text": "Ham and Swiss Roll ups",
          "done": false
        },
        {
          "id": "day61_12PM",
          "time": "12:00 PM",
          "text": "Turkey Melt",
          "done": false
        },
        {
          "id": "day61_3PM",
          "time": "3:00 PM",
          "text": "Bode Burn with Mozzarella",
          "done": false
        },
        {
          "id": "day61_6PM",
          "time": "6:00 PM",
          "text": "Turkey Melt",
          "done": false
        }
      ]
    },
    {
      "id": "day62",
      "day": 62,
      "week": 9,
      "workout": true,
      "workoutDone": false,"carb": "high-carb",
      "diet": [
        {
          "id": "day62_6AM",
          "time": "6:00 AM",
          "text": "Bode Shake",
          "done": false
        },
        {
          "id": "day62_9AM",
          "time": "9:00 AM",
          "text": "Ham and Swiss Roll ups",
          "done": false
        },
        {
          "id": "day62_12PM",
          "time": "12:00 PM",
          "text": "Turkey Melt",
          "done": false
        },
        {
          "id": "day62_3PM",
          "time": "3:00 PM",
          "text": "Bode Burn with Mozzarella",
          "done": false
        },
        {
          "id": "day62_6PM",
          "time": "6:00 PM",
          "text": "Turkey Melt",
          "done": false
        }
      ]
    },
    {
      "id": "day63",
      "day": 63,
      "week": 9,
      "workout": true,
      "workoutDone": false,"carb": "high-carb",
      "diet": [
        {
          "id": "day63_6AM",
          "time": "6:00 AM",
          "text": "Bode Shake",
          "done": false
        },
        {
          "id": "day63_9AM",
          "time": "9:00 AM",
          "text": "Ham and Swiss Roll ups",
          "done": false
        },
        {
          "id": "day63_12PM",
          "time": "12:00 PM",
          "text": "Turkey Melt",
          "done": false
        },
        {
          "id": "day63_3PM",
          "time": "3:00 PM",
          "text": "Bode Burn with Mozzarella",
          "done": false
        },
        {
          "id": "day63_6PM",
          "time": "6:00 PM",
          "text": "Turkey Melt",
          "done": false
        }
      ]
    },
    {
      "id": "day64",
      "day": 64,
      "week": 10,
      "workout": true,
      "workoutDone": false,"carb": "high-carb",
      "diet": [
        {
          "id": "day64_6AM",
          "time": "6:00 AM",
          "text": "Bode Shake",
          "done": false
        },
        {
          "id": "day64_9AM",
          "time": "9:00 AM",
          "text": "Ham and Swiss Roll ups",
          "done": false
        },
        {
          "id": "day64_12PM",
          "time": "12:00 PM",
          "text": "Turkey Melt",
          "done": false
        },
        {
          "id": "day64_3PM",
          "time": "3:00 PM",
          "text": "Bode Burn with Mozzarella",
          "done": false
        },
        {
          "id": "day64_6PM",
          "time": "6:00 PM",
          "text": "Turkey Melt",
          "done": false
        }
      ]
    },
    {
      "id": "day65",
      "day": 65,
      "week": 10,
      "workout": true,
      "workoutDone": false,"carb": "low-carb",
      "diet": [
        {
          "id": "day65_6AM",
          "time": "6:00 AM",
          "text": "Bode Shake",
          "done": false
        },
        {
          "id": "day65_9AM",
          "time": "9:00 AM",
          "text": "Ham and Swiss Roll ups",
          "done": false
        },
        {
          "id": "day65_12PM",
          "time": "12:00 PM",
          "text": "Turkey Melt",
          "done": false
        },
        {
          "id": "day65_3PM",
          "time": "3:00 PM",
          "text": "Bode Burn with Mozzarella",
          "done": false
        },
        {
          "id": "day65_6PM",
          "time": "6:00 PM",
          "text": "Turkey Melt",
          "done": false
        }
      ]
    },
    {
      "id": "day66",
      "day": 66,
      "week": 10,
      "workout": true,
      "workoutDone": false,"carb": "low-carb",
      "diet": [
        {
          "id": "day66_6AM",
          "time": "6:00 AM",
          "text": "Bode Shake",
          "done": false
        },
        {
          "id": "day66_9AM",
          "time": "9:00 AM",
          "text": "Ham and Swiss Roll ups",
          "done": false
        },
        {
          "id": "day66_12PM",
          "time": "12:00 PM",
          "text": "Turkey Melt",
          "done": false
        },
        {
          "id": "day66_3PM",
          "time": "3:00 PM",
          "text": "Bode Burn with Mozzarella",
          "done": false
        },
        {
          "id": "day66_6PM",
          "time": "6:00 PM",
          "text": "Turkey Melt",
          "done": false
        }
      ]
    },
    {
      "id": "day67",
      "day": 67,
      "week": 10,
      "workout": true,
      "workoutDone": false,"carb": "low-carb",
      "diet": [
        {
          "id": "day67_6AM",
          "time": "6:00 AM",
          "text": "Bode Shake",
          "done": false
        },
        {
          "id": "day67_9AM",
          "time": "9:00 AM",
          "text": "Ham and Swiss Roll ups",
          "done": false
        },
        {
          "id": "day67_12PM",
          "time": "12:00 PM",
          "text": "Turkey Melt",
          "done": false
        },
        {
          "id": "day67_3PM",
          "time": "3:00 PM",
          "text": "Bode Burn with Mozzarella",
          "done": false
        },
        {
          "id": "day67_6PM",
          "time": "6:00 PM",
          "text": "Turkey Melt",
          "done": false
        }
      ]
    },
    {
      "id": "day68",
      "day": 68,
      "week": 10,
      "workout": true,
      "workoutDone": false,"carb": "low-carb",
      "diet": [
        {
          "id": "day68_6AM",
          "time": "6:00 AM",
          "text": "Bode Shake",
          "done": false
        },
        {
          "id": "day68_9AM",
          "time": "9:00 AM",
          "text": "Ham and Swiss Roll ups",
          "done": false
        },
        {
          "id": "day68_12PM",
          "time": "12:00 PM",
          "text": "Turkey Melt",
          "done": false
        },
        {
          "id": "day68_3PM",
          "time": "3:00 PM",
          "text": "Bode Burn with Mozzarella",
          "done": false
        },
        {
          "id": "day68_6PM",
          "time": "6:00 PM",
          "text": "Turkey Melt",
          "done": false
        }
      ]
    },
    {
      "id": "day69",
      "day": 69,
      "week": 10,
      "workout": true,
      "workoutDone": false,"carb": "high-carb",
      "diet": [
        {
          "id": "day69_6AM",
          "time": "6:00 AM",
          "text": "Bode Shake",
          "done": false
        },
        {
          "id": "day69_9AM",
          "time": "9:00 AM",
          "text": "Ham and Swiss Roll ups",
          "done": false
        },
        {
          "id": "day69_12PM",
          "time": "12:00 PM",
          "text": "Turkey Melt",
          "done": false
        },
        {
          "id": "day69_3PM",
          "time": "3:00 PM",
          "text": "Bode Burn with Mozzarella",
          "done": false
        },
        {
          "id": "day69_6PM",
          "time": "6:00 PM",
          "text": "Turkey Melt",
          "done": false
        }
      ]
    },
    {
      "id": "day70",
      "day": 70,
      "week": 10,
      "workout": true,
      "workoutDone": false,"carb": "high-carb",
      "diet": [
        {
          "id": "day70_6AM",
          "time": "6:00 AM",
          "text": "Bode Shake",
          "done": false
        },
        {
          "id": "day70_9AM",
          "time": "9:00 AM",
          "text": "Ham and Swiss Roll ups",
          "done": false
        },
        {
          "id": "day70_12PM",
          "time": "12:00 PM",
          "text": "Turkey Melt",
          "done": false
        },
        {
          "id": "day70_3PM",
          "time": "3:00 PM",
          "text": "Bode Burn with Mozzarella",
          "done": false
        },
        {
          "id": "day70_6PM",
          "time": "6:00 PM",
          "text": "Turkey Melt",
          "done": false
        }
      ]
    },
    {
      "id": "day71",
      "day": 71,
      "week": 11,
      "workout": true,
      "workoutDone": false,"carb": "high-carb",
      "diet": [
        {
          "id": "day71_6AM",
          "time": "6:00 AM",
          "text": "Bode Shake",
          "done": false
        },
        {
          "id": "day71_9AM",
          "time": "9:00 AM",
          "text": "Ham and Swiss Roll ups",
          "done": false
        },
        {
          "id": "day71_12PM",
          "time": "12:00 PM",
          "text": "Turkey Melt",
          "done": false
        },
        {
          "id": "day71_3PM",
          "time": "3:00 PM",
          "text": "Bode Burn with Mozzarella",
          "done": false
        },
        {
          "id": "day71_6PM",
          "time": "6:00 PM",
          "text": "Turkey Melt",
          "done": false
        }
      ]
    },
    {
      "id": "day72",
      "day": 72,
      "week": 11,
      "workout": true,
      "workoutDone": false,"carb": "high-carb",
      "diet": [
        {
          "id": "day72_6AM",
          "time": "6:00 AM",
          "text": "Bode Shake",
          "done": false
        },
        {
          "id": "day72_9AM",
          "time": "9:00 AM",
          "text": "Ham and Swiss Roll ups",
          "done": false
        },
        {
          "id": "day72_12PM",
          "time": "12:00 PM",
          "text": "Turkey Melt",
          "done": false
        },
        {
          "id": "day72_3PM",
          "time": "3:00 PM",
          "text": "Bode Burn with Mozzarella",
          "done": false
        },
        {
          "id": "day72_6PM",
          "time": "6:00 PM",
          "text": "Turkey Melt",
          "done": false
        }
      ]
    },
    {
      "id": "day73",
      "day": 73,
      "week": 11,
      "workout": true,
      "workoutDone": false,"carb": "low-carb",
      "diet": [
        {
          "id": "day73_6AM",
          "time": "6:00 AM",
          "text": "Bode Shake",
          "done": false
        },
        {
          "id": "day73_9AM",
          "time": "9:00 AM",
          "text": "Ham and Swiss Roll ups",
          "done": false
        },
        {
          "id": "day73_12PM",
          "time": "12:00 PM",
          "text": "Turkey Melt",
          "done": false
        },
        {
          "id": "day73_3PM",
          "time": "3:00 PM",
          "text": "Bode Burn with Mozzarella",
          "done": false
        },
        {
          "id": "day73_6PM",
          "time": "6:00 PM",
          "text": "Turkey Melt",
          "done": false
        }
      ]
    },
    {
      "id": "day74",
      "day": 74,
      "week": 11,
      "workout": true,
      "workoutDone": false,"carb": "low-carb",
      "diet": [
        {
          "id": "day74_6AM",
          "time": "6:00 AM",
          "text": "Bode Shake",
          "done": false
        },
        {
          "id": "day74_9AM",
          "time": "9:00 AM",
          "text": "Ham and Swiss Roll ups",
          "done": false
        },
        {
          "id": "day74_12PM",
          "time": "12:00 PM",
          "text": "Turkey Melt",
          "done": false
        },
        {
          "id": "day74_3PM",
          "time": "3:00 PM",
          "text": "Bode Burn with Mozzarella",
          "done": false
        },
        {
          "id": "day74_6PM",
          "time": "6:00 PM",
          "text": "Turkey Melt",
          "done": false
        }
      ]
    },
    {
      "id": "day75",
      "day": 75,
      "week": 11,
      "workout": true,
      "workoutDone": false,"carb": "low-carb",
      "diet": [
        {
          "id": "day75_6AM",
          "time": "6:00 AM",
          "text": "Bode Shake",
          "done": false
        },
        {
          "id": "day75_9AM",
          "time": "9:00 AM",
          "text": "Ham and Swiss Roll ups",
          "done": false
        },
        {
          "id": "day75_12PM",
          "time": "12:00 PM",
          "text": "Turkey Melt",
          "done": false
        },
        {
          "id": "day75_3PM",
          "time": "3:00 PM",
          "text": "Bode Burn with Mozzarella",
          "done": false
        },
        {
          "id": "day75_6PM",
          "time": "6:00 PM",
          "text": "Turkey Melt",
          "done": false
        }
      ]
    },
    {
      "id": "day76",
      "day": 76,
      "week": 11,
      "workout": true,
      "workoutDone": false,"carb": "low-carb",
      "diet": [
        {
          "id": "day76_6AM",
          "time": "6:00 AM",
          "text": "Bode Shake",
          "done": false
        },
        {
          "id": "day76_9AM",
          "time": "9:00 AM",
          "text": "Ham and Swiss Roll ups",
          "done": false
        },
        {
          "id": "day76_12PM",
          "time": "12:00 PM",
          "text": "Turkey Melt",
          "done": false
        },
        {
          "id": "day76_3PM",
          "time": "3:00 PM",
          "text": "Bode Burn with Mozzarella",
          "done": false
        },
        {
          "id": "day76_6PM",
          "time": "6:00 PM",
          "text": "Turkey Melt",
          "done": false
        }
      ]
    },
    {
      "id": "day77",
      "day": 77,
      "week": 11,
      "workout": true,
      "workoutDone": false,"carb": "high-carb",
      "diet": [
        {
          "id": "day77_6AM",
          "time": "6:00 AM",
          "text": "Bode Shake",
          "done": false
        },
        {
          "id": "day77_9AM",
          "time": "9:00 AM",
          "text": "Ham and Swiss Roll ups",
          "done": false
        },
        {
          "id": "day77_12PM",
          "time": "12:00 PM",
          "text": "Turkey Melt",
          "done": false
        },
        {
          "id": "day77_3PM",
          "time": "3:00 PM",
          "text": "Bode Burn with Mozzarella",
          "done": false
        },
        {
          "id": "day77_6PM",
          "time": "6:00 PM",
          "text": "Turkey Melt",
          "done": false
        }
      ]
    },
    {
      "id": "day78",
      "day": 78,
      "week": 12,
      "workout": true,
      "workoutDone": false,"carb": "high-carb",
      "diet": [
        {
          "id": "day78_6AM",
          "time": "6:00 AM",
          "text": "Bode Shake",
          "done": false
        },
        {
          "id": "day78_9AM",
          "time": "9:00 AM",
          "text": "Ham and Swiss Roll ups",
          "done": false
        },
        {
          "id": "day78_12PM",
          "time": "12:00 PM",
          "text": "Turkey Melt",
          "done": false
        },
        {
          "id": "day78_3PM",
          "time": "3:00 PM",
          "text": "Bode Burn with Mozzarella",
          "done": false
        },
        {
          "id": "day78_6PM",
          "time": "6:00 PM",
          "text": "Turkey Melt",
          "done": false
        }
      ]
    },
    {
      "id": "day79",
      "day": 79,
      "week": 12,
      "workout": true,
      "workoutDone": false,"carb": "low-carb",
      "diet": [
        {
          "id": "day79_6AM",
          "time": "6:00 AM",
          "text": "Bode Shake",
          "done": false
        },
        {
          "id": "day79_9AM",
          "time": "9:00 AM",
          "text": "Ham and Swiss Roll ups",
          "done": false
        },
        {
          "id": "day79_12PM",
          "time": "12:00 PM",
          "text": "Turkey Melt",
          "done": false
        },
        {
          "id": "day79_3PM",
          "time": "3:00 PM",
          "text": "Bode Burn with Mozzarella",
          "done": false
        },
        {
          "id": "day79_6PM",
          "time": "6:00 PM",
          "text": "Turkey Melt",
          "done": false
        }
      ]
    },
    {
      "id": "day80",
      "day": 80,
      "week": 12,
      "workout": true,
      "workoutDone": false,"carb": "low-carb",
      "diet": [
        {
          "id": "day80_6AM",
          "time": "6:00 AM",
          "text": "Bode Shake",
          "done": false
        },
        {
          "id": "day80_9AM",
          "time": "9:00 AM",
          "text": "Ham and Swiss Roll ups",
          "done": false
        },
        {
          "id": "day80_12PM",
          "time": "12:00 PM",
          "text": "Turkey Melt",
          "done": false
        },
        {
          "id": "day80_3PM",
          "time": "3:00 PM",
          "text": "Bode Burn with Mozzarella",
          "done": false
        },
        {
          "id": "day80_6PM",
          "time": "6:00 PM",
          "text": "Turkey Melt",
          "done": false
        }
      ]
    },
    {
      "id": "day81",
      "day": 81,
      "week": 12,
      "workout": true,
      "workoutDone": false,"carb": "low-carb",
      "diet": [
        {
          "id": "day81_6AM",
          "time": "6:00 AM",
          "text": "Bode Shake",
          "done": false
        },
        {
          "id": "day81_9AM",
          "time": "9:00 AM",
          "text": "Ham and Swiss Roll ups",
          "done": false
        },
        {
          "id": "day81_12PM",
          "time": "12:00 PM",
          "text": "Turkey Melt",
          "done": false
        },
        {
          "id": "day81_3PM",
          "time": "3:00 PM",
          "text": "Bode Burn with Mozzarella",
          "done": false
        },
        {
          "id": "day81_6PM",
          "time": "6:00 PM",
          "text": "Turkey Melt",
          "done": false
        }
      ]
    },
    {
      "id": "day82",
      "day": 82,
      "week": 12,
      "workout": true,
      "workoutDone": false,"carb": "high-carb",
      "diet": [
        {
          "id": "day82_6AM",
          "time": "6:00 AM",
          "text": "Bode Shake",
          "done": false
        },
        {
          "id": "day82_9AM",
          "time": "9:00 AM",
          "text": "Ham and Swiss Roll ups",
          "done": false
        },
        {
          "id": "day82_12PM",
          "time": "12:00 PM",
          "text": "Turkey Melt",
          "done": false
        },
        {
          "id": "day82_3PM",
          "time": "3:00 PM",
          "text": "Bode Burn with Mozzarella",
          "done": false
        },
        {
          "id": "day82_6PM",
          "time": "6:00 PM",
          "text": "Turkey Melt",
          "done": false
        }
      ]
    },
    {
      "id": "day83",
      "day": 83,
      "week": 12,
      "workout": true,
      "workoutDone": false,"carb": "high-carb",
      "diet": [
        {
          "id": "day83_6AM",
          "time": "6:00 AM",
          "text": "Bode Shake",
          "done": false
        },
        {
          "id": "day83_9AM",
          "time": "9:00 AM",
          "text": "Ham and Swiss Roll ups",
          "done": false
        },
        {
          "id": "day83_12PM",
          "time": "12:00 PM",
          "text": "Turkey Melt",
          "done": false
        },
        {
          "id": "day83_3PM",
          "time": "3:00 PM",
          "text": "Bode Burn with Mozzarella",
          "done": false
        },
        {
          "id": "day83_6PM",
          "time": "6:00 PM",
          "text": "Turkey Melt",
          "done": false
        }
      ]
    },
    {
      "id": "day84",
      "day": 84,
      "week": 12,
      "workout": true,
      "workoutDone": false,"carb": "high-carb",
      "diet": [
        {
          "id": "day84_6AM",
          "time": "6:00 AM",
          "text": "Bode Shake",
          "done": false
        },
        {
          "id": "day84_9AM",
          "time": "9:00 AM",
          "text": "Ham and Swiss Roll ups",
          "done": false
        },
        {
          "id": "day84_12PM",
          "time": "12:00 PM",
          "text": "Turkey Melt",
          "done": false
        },
        {
          "id": "day84_3PM",
          "time": "3:00 PM",
          "text": "Bode Burn with Mozzarella",
          "done": false
        },
        {
          "id": "day84_6PM",
          "time": "6:00 PM",
          "text": "Turkey Melt",
          "done": false
        }
      ]
    }
  ]
}